week,location,average_price
26/08/2008,176.74(166.83),153.87(142.38)
19/08/2008,179.36(171.08),153.62(141.50)
27/12/2008,101.19(85.17),87.26(78.43)
20/12/2008,102.69(85.00),89.04(78.85)
13/12/2008,103.91(83.16),89.92(76.55)
06/12/2008,107.01(81.61),94.69(74.96)
29/11/2008,109.99(81.00),96.88(73.03)
22/11/2008,108.47(79.76),96.74(72.71)
22/11/2008,108.47(79.76),96.74(72.71)
15/11/2008,108.05(80.56),98.75(71.47)
08/11/2008,107.74(85.28),100.19(72.13)
01/11/2008,109.91(81.02),101.33(70.80)
25/10/2008,115.59(81.40),106.51(N.S.)
18/10/2008,114.94(N.S.),107.29(71.60)
11/10/2008,N.S.(82.55),N.S.(70.87)
04/10/2008,115.09(79.87),105.22(69.28)
27/09/2008,113.53(81.56),105.63(68.32)
20/09/2008,111.95(80.02),102.50(67.00)
13/09/2008,107.91(79.75),98.82(66.05)
06/09/2008,108.35(80.10),97.37(67.68)
30/08/2008,108.77(80.99),95.99(66.90)
23/08/2008,111.18(81.63),96.22(67.46)
16/08/2008,111.94(82.70),95.60(68.49)
09/08/2008,109.39(81.41),93.26(67.94)
02/08/2008,109.56(83.42),92.43(68.66)
26/07/2008,109.92(84.19),91.90(72.20)
19/07/2008,116.96(86.37),91.72(69.88)
12/07/2008,116.47(92.88),92.94(72.20)
05/07/2008,119.28(96.71),93.29(75.10)
05/07/2008,119.28(96.71),93.29(75.10)
28/06/2008,118.11(97.11),94.97(78.96)
21/06/2008,108.56(93.88),95.88(81.31)
14/06/2008,101.75(88.42),94.00(80.47)
07/06/2008,95.77(83.09),89.18(75.64)
31/05/2008,96.77(80.72),87.23(73.15)
24/05/2008,98.43(79.91),87.20(69.86)
17/05/2008,98.58(80.50),87.31(69.74)
10/05/2008,99.25(81.64),87.46(70.01)
03/05/2008,101.15(86.41),87.53(71.77)
26/04/2008,103.18(89.19),90.29(75.33)
19/04/2008,98.18(80.00),N.S.(81.26)
12/04/2008,87.13(90.97),83.97(84.77)
05/04/2008,78.54(70.38),65.63(61.75)
29/03/2008,64.08(53.87),N.S.(55.67)
22/03/2008,N.S.(N.S.),58.78(N.S.)
15/03/2008,N.S.(N.S.),N.S.(54.38)
08/03/2008,66.15(56.36),N.S.(N.S.)
01/03/2008,N.S.(N.S.),55.48(N.S.)
23/02/2008,66.64(60.02),59.28(57.2)
16/09/2008,68.38(60.67),62.35(N.S.)
09/02/2008,70.72(63.51),63.3(61.1)
02/02/2008,71.11(68.11),64.97(60.83)
26/01/2008,74.09(67.79),66.2(60.63)
19/01/2008,76.84(67.73),71.04(61.19)
12/01/2008,79.82(69.4),73.97(61.11)
05/01/2008,80.82(70.15),76.15(61.58)
26/12/2009,124.46 (101.19),107.30 (87.26)
19/12/2009,127.21 (102.69),111.28 (89.04)
12/12/2009,127.65 (103.91),111.75 (89.92)
05/12/2009,131.09 (107.01),115.02 (94.69)
28/11/2009,132.39 (109.99),120.07 (96.88)
21/11/2009,137.73 (108.47),119.06 (96.74)
14/11/2009,135.48 (108.05),120.16 (98.75)
07/11/2009,137.78 (107.74),118.69 (100.19)
31/10/2009,138.44 (109.91),119.68 (101.33)
24/10/2009,135.47 (115.59),119.67 (106.51)
17/10/2009,137.93 (114.94),119.78 (107.29)
10/10/2009,135.28 (N.S),117.40 (N.S)
03/10/2009,NS (115.09),NS (105.22)
26/09/2009,137.73 (113.53),114.84 (105.63)
19/09/2009,131.42 (111.95),114.73 (102.50)
12/09/2009,127.62 (107.91),112.67 (98.82)
05/09/2009,129.34 (108.38),112.47 (97.37)
22/08/2009,131.14 (111.18),114.17 (96.22)
15/08/2009,129.29 (111.94),113.59 95.60)
08/08/2009,130.36 (109.39),112.18 (93.26)
01/08/2009,128.54 (109.56),112.15 (92.43)
25/07/2009,129.43 (109.92),107.34 (91.90)
18/07/2009,132.42 (116.96),106.59 (91.72)
11/07/2009,135.45 (116.47),116.19 (92.94)
04/07/2009,135.45 (119.28),124.00 (93.29)
27/06/2009,132.85 (118.11),125.70 (94.97)
20/06/2009,132.73 (108.56),126.35 (95.88)
13/06/2009,132.31 (101.75),125.01 (94.00)
06/06/2009,137.00 (95.77),N.S. (89.18)
30/05/2009,142.61 (96.77),133.71 (87.23)
23/05/2009,144.13 (98.43),133.55 (87.20)
16/05/2009,139.18 (98.58),131.00 (87.31)
09/05/2009,134.88 (99.25),128.69 (87.46)
02/05/2009,125.87 (101.15),122.08 (87.53)
25/04/2009,118.01 (103.18),110.15 (90.29)
18/04/2009,N.S.  (98.18),N.S.  (N. S.)
11/04/2009,N.S.  (87.13),98.98  (83.97)
04/04/2009,83.11   (78.54),N.S.  (65.63)
28/03/2009,N.S.  (64.08),74.71  (N.S.)
21/03/2009,79.41   (N.S.),N.S.  (58.78)
14/03/2009,No Sale,No Sale
07/03/2009,80.34 (66.15),71.10   (N.S.)
28/02/2009,81.40   (N.S.),74.37 (55.48)
21/02/2009,84.96  (66.64),75.21  (59.28)
14/02/2009,88.44  (68.38),79.94  (62.35)
07/02/2009,89.04  (70.72),83.21  (63.30)
31/01/2009,91.38  (71.11),N.S.  (64.97)
24/01/2009,94.11  (74.09),85.69  (65.20)
17/01/2009,95.94  (76.84 ),87.63  (71.04)
10/01/2009,97.55(79.82),87.46(73.97)
03/01/2009,98.17(80.82),N.S.(76.15)
25/12/2010,129.92(124.46),104.53(107.30)
18/12/2010,130.17(127.21),109.01(111.28)
11/12/2010,134.04(127.65),110.45(111.75)
04/12/2010,138.35(131.09),117.14(115.02)
27/11/2010,139.23(132.39),118.33(120.07)
20/11/2010,139.10(137.73),120.23(119.06)
13/11/2010,140.69(135.48),118.40(120.16)
06/11/2010,141.15(137.78),118.85(118.69)
30/10/2010,140.58(138.44),122.21(119.68)
23/10/2010,N.S.(135.47),124.61(119.67)
16/10/2010,142.76(137.93),N.S.(119.78)
09/10/2010,143.96(135.28),123.40(117.40)
02/10/2010,138.31(N.S.),123.32(N.S.)
25/09/2010,142.83(137.73),124.50(114.84)
18/09/2010,144.29(131.42),122.47(114.73)
11/09/2010,146.04(127.62),125.32(112.67)
04/09/2010,143.82(129.34),122.03(112.47)
28/08/2010,146.33(128.65),124.94(114.23)
21/08/2010,147.06(131.14),126.14(114.17)
14/08/2010,145.74(129.29),123.02(113.59)
07/08/2010,143.69(130.36),121.01(112.18)
31/07/2010,151.59(128.54),122.69(112.15)
24/07/2010,143.44(129.43),117.96(107.34)
17/07/2010,145.67(132.42),115.80(106.59)
10/07/2010,148.45(135.45),118.03(116.19)
03/07/2010,147.37(135.45),116.78(124.00)
26/06/2010,139.30(132.85),116.30(125.70)
19/06/2010,131.15(132.73),114.96(126.35)
12/06/2010,125.63(132.31),114.66(125.01)
05/06/2010,121.74(137.00),111.26(N.S.)
29/05/2010,128.59(142.61),111.38(133.71)
22/05/2010,126.66(144.13),109.49(133.55)
15/05/2010,131.52(139.18),111.45(131.00)
08/05/2010,130.01(134.88),115.32(128.69)
01/05/2010,122.61(125.87),118.43(122.08)
24/04/2010,112.17(118.01),101.64(110.15)
17/04/2010,108.70(N.S.),N.S.(N.S.)
10/04/2010,76.93(N.S.),82.25(98.98)
03/04/2010,69.52(83.11),66.59(N.S.)
27/03/2010,N.S.(N.S.),N.S.(74.71)
20/03/2010,N.S.(79.41),N.S.(N.S.)
13/03/2010,77.35(N.S.),73.71(N.S.)
06/03/2010,85.89(80.34),75.65(71.10)
27/02/2010,97.15(81.40),82.20(74.37)
20/02/2010,101.73(84.96),86.83(75.21)
13/02/2010,107.88(88.44),87.33(79.94)
06/02/2010,107.33(89.04),89.44(83.21)
30/01/2010,113.04(91.38),N.S.(N.S.)
23/01/2010,108.55 (94.11),91.35 (85.69)
16/01/2010,N.S.( 95.94),94.06 (87.63)
09/01/2010,111.53 (97.55),97.72 (87.46)
02/01/2010,117.54 (98.17),103.07 (N.S)
26/11/2011,124.70(139.23),105.75(118.33)
31/12/2011,122.94(127.77),97.88(N.S.)
24/12/2011,122.48(129.92),97.97(104.53)
17/12/2011,119.60(130.17),96.47(109.01)
10/12/2011,124.39(134.04),101.38(110.45)
03/12/2011,127.73(138.35),101.54(117.14)
19/11/2011,126.68(139.10),104.42(120.23)
12/11/2011,129.00(140.69),109.59(118.40)
05/11/2011,130.44(141.15),109.82(118.85)
29/10/2011,131.43(140.58),114.62(122.21)
22/10/2011,129.89(N.S.),111.21(124.61)
15/10/2011,135.17(142.76),110.37(N.S.)
08/10/2011,N.S.(143.96),N.S.(123.40)
01/10/2011,139.56(138.31),112.58(123.32)
24/09/2011,133.90(142.83),108.53(124.50)
17/09/2011,131.82(144.29),111.83(122.47)
10/09/2011,133.12(146.04),110.50(125.32)
03/09/2011,132.88(143.82),109.13(122.03)
27/08/2011,134.38(146.33),110.77(124.94)
20/08/2011,135.08(147.06),111.46(126.14)
13/08/2011,140.09(145.74),111.69(123.02)
06/08/2011,138.40(143.69),111.13(121.01)
30/07/2011,138.34(151.59),118.38(122.69)
23/07/2011,145.30(143.44),122.05(117.96)
16/07/2011,149.01(145.67),126.51(115.80)
09/07/2011,152.80(148.45),128.35(118.03)
02/07/2011,147.56(147.37),133.44(116.78)
25/06/2011,142.10(139.30),132.29(116.30)
18/06/2011,139.20(131.15),129.36(114.96)
11/06/2011,133.99(125.63),126.81(114.66)
04/06/2011,130.44(121.74),121.55(111.26)
21/05/2011,137.84(126.66),123.78(109.49)
14/05/2011,139.46(131.52),123.75(111.45)
07/05/2011,144.08(130.01),127.50(115.32)
30/04/2011,149.45(122.61),131.18(118.43)
23/04/2011,116.28(112.17),111.00(101.64)
16/04/2011,132.56(108.70),N.S.(N.S.)
09/04/2011,129.81(76.93),112.84(82.25)
02/04/2011,75.18(69.52),66.40(66.59)
26/03/2011,N.S.(N.S.),N.S.(N.S.)
19/03/2011,N.S.(N.S.),N.S.(N.S.)
12/03/2011,94.66(77.35),79.00(73.71)
05/03/2011,86.14(85.89),N.S.(75.65)
26/02/2011,92.48(97.15),76.02(82.20)
19/02/2011,98.26(101.73),87.78(86.83)
12/02/2011,104.73(107.88),88.11(87.33)
05/02/2011,109.35(107.33),92.20(89.44)
29/01/2011,112.92(113.04),N.S.(N.S.)
22/01/2011,115.79(108.55),93.04(91.35)
15/01/2011,117.73(N.S.),96.58(94.06)
08/01/2011,118.88(111.53),95.84(97.22)
01/01/2011,127.77(117.54),101.34(103.07)
29/12/2012,150.02(122.94),131.47(97.88)
22/12/2012,150.92(122.48),133.94(97.97)
15/12/2012,154.59(119.60),138.49(96.47)
08/12/2012,156.91(124.39),135.21(101.38)
01/12/2012,157.58(127.73),133.61(101.54)
24/11/2012,158.64(124.70),134.87(105.75)
17/11/2012,156.87(126.68),135.29(104.42)
10/11/2012,156.08(129.00),131.40(109.59)
03/11/2012,152.76(130.44),129.33(109.82)
27/10/2012,N.S.(131.43),N.S.(114.62)
20/10/2012,155.24(129.89),127.74(111.21)
13/10/2012,157.81(135.17),131.21(110.37)
06/10/2012,376.15(N.S.),133.39(N.S.)
29/09/2012,157.49(139.56),135.37(112.58)
22/09/2012,159.36(133.90),136.13(108.53)
15/09/2012,167.08(131.82),136.86(111.83)
08/09/2012,166.75(133.12),139.27(110.50)
01/09/2012,169.18(132.88),139.10(109.13)
25/08/2012,168.91(134.38),142.19(110.77)
18/08/2012,176.37(135.08),141.27(111.46)
11/08/2012,168.84(140.09),143.27(111.69)
04/08/2012,167.87(138.40),143.63(111.13)
28/07/2012,168.74(138.34),142.41(118.38)
21/07/2012,169.66(145.3),144.24(122.05)
14/07/2012,169.99(149.01),143.47(126.51)
07/07/2012,171.12(141.42),148.91(133.88)
30/06/2012,167.45(139.03),151.72(132.31)
23/06/2012,173.06(136.89),154.52(129.41)
16/06/2012,174.01(134.56),158.55(126.8)
09/06/2012,180.20(131.63),161.92(121.43)
02/06/2012,180.4(127.82),159.31(121.08)
26/05/2012,177.46(129.87),160.38(123.76)
19/05/2012,170.32(133.71),158.07(123.68)
12/05/2012,167.61(133.02),155.05(127.48)
05/05/2012,169.35(135.19),158.11(131.19)
28/04/2012,157.14(140.64),155.62(110.74)
21/04/2012,119.86(112.52),142.01(N.S.)
14/04/2012,120.43(130.97),153.93(112.77)
07/04/2012,97.99(125.62),133.30(66.31)
31/03/2012,85.11(75.18),88.75(66.40)
24/03/2012,N.S.(N.S.),N.S.(N.S.)
17/03/2012,NS (NS),NS(NS)
10/03/2012,88.25(94.66),80.24(79.00)
03/03/2012,92.24(86.14),NS(NS)
25/02/2012,98.94(92.48),75.41(76.02)
18/02/2012,102.75(98.26),86.76(87.78)
11/02/2012,106.55(104.73),86.79(88.11)
04/02/2012,107.62(109.35),86.98(92.20)
28/01/2012,110.58(112.92),86.03(N.S.)
21/01/2012,111.68(115.79),87.77(93.04)
14/01/2012,118.12(117.73),89.84(96.58)
07/01/2012,120.30(118.88),93.44(95.84)
28/12/2013,146.01(150.02),117.94(131.47)
21/12/2013,148.05(150.92),118.79(133.94)
07/12/2013,156.78(156.91),124.74(135.21)
30/11/2013,158.71(157.58),124.23(133.61)
23/11/2013,153.56(158.64),126.28(134.87)
16/11/2013,155.04(156.87),130.83(135.29)
09/11/2013,153.35(156.08),131.90(131.40)
02/11/2013,153.98 (152.76),130.49 (129.33)
26/10/2013,158.61 (N.S.),132.59 (N.S.)
19/10/2013,N.S. (155.24),N.S. (127.74)
12/10/2013,162.20 (157.81),137.59 (131.21)
05/10/2013,161.04 (NS),135.69 (133.39)
28/09/2013,158.08 (157.49),131.80 (135.37)
21/09/2013,158.47 (159.36),132.28 (136.13)
14/09/2013,160.10 (167.08),131.44 (136.86)
07/09/2013,156.74 (166.75),129.53 (139.27)
31/08/2013,161.28 (169.18),132.90 (139.10)
24/08/2013,161.67 (168.91),132.92 (142.19)
17/08/2013,173.07 (176.37),135.10 (141.27)
10/08/2013,169.95 (168.84),139.87 (143.27)
03/08/2013,169.10(167.87),141.14(143.63)
27/07/2013,170.76(168.74),142.3(142.41)
20/07/2013,175.67(169.66),145.21(144.24)
13/07/2013,182.91(169.99),147.16(143.47)
06/07/2013,184.02(171.12),149.14(148.91)
29/06/2013,184.35(167.45),147.47(151.72)
22/06/2013,176.05(173.06),143.30(154.52)
15/06/2013,165.11(174.01),141.76(158.55)
08/06/2013,160.27(180.20),139.23(161.92)
01/06/2013,164.28(180.40),135.71(159.31)
25/05/2013,173.77(177.46),142.09(160.38)
18/05/2013,174.82(170.32),148.92(158.07)
11/05/2013,174.70(167.61),145.85(155.05)
04/05/2013,174.16(169.35),151.87(158.11)
27/04/2013,172.79(157.48),157.15(155.62)
20/04/2013,166.00(120.00),164.65(142.01)
13/04/2013,139.82(120.43),158.23(153.93)
06/04/2013,133.05(97.99),129.75(133.30)
30/03/2013,N.S.(85.19),N.S.(88.63)
23/03/2013,135.30(N.S.),127.53(N.S.)
02/03/2013,N.S.(N.S.),N.S.(N.S.)
09/03/2013,137.56(88.29),122.34(80.10)
02/03/2013,144.81(92.45),N.S.(N.S.)
23/02/2013,133.53(99.01),121.85(75.29)
16/02/2013,129.57(102.86),120.73(86.57)
09/02/2013,131.12(106.63),119.08(86.73)
02/02/2013,132.82(107.62),116.72(86.89)
26/01/2013,141.87(110.64),116.67(86.03)
19/01/2013,140.57(111.72),121.80(87.79)
12/01/2013,145.37(118.18),122.25(89.74)
05/01/2013,147.62(120.32),130.36(93.42)
27/12/2014,155.77(146.01),126.14(117.94)
20/12/2014,163.76(148.05),125.91(118.79)
13/12/2014,164.96(151.47),133.03(121.88)
06/12/2014,169.09(156.78),133.88(124.74)
29/11/2014,167.24(158.71),135.17(124.23)
22/11/2014,170.68(153.56),135.26(126.28)
15/11/2014,166.21(155.04),140.02(130.78)
08/11/2014,160.72(153.35),137.12(131.90)
01/11/2014,157.87(153.98),136.53(130.49)
25/10/2014,160.08(158.61),136.61(132.59)
18/10/2014,158.94(NS),136.21(NS)
11/10/2014,157.68(162.20),135.47(137.59)
04/10/2014,NS(161.04),NS(135.68)
27/09/2014,165.25(158.08),137.65(131.80)
20/09/2014,161.86(158.47),135.79(132.28)
13/09/2014,157.53(160.10),141.95(131.45)
06/09/2014,161.33(156.74),140.90(129.54)
30/08/2014,165.44(161.28),145.57(132.69)
23/08/2014,168.47(161.67),147.00(132.92)
16/08/2014,173.18(173.07),151.07(135.10)
09/08/2014,177.98(169.95),152.88(139.88)
02/08/2014,182.03(169.10),158.65(141.14)
26/07/2014,189.71(170.76),162.30(142.30)
19/07/2014,194.77(175.67),165.70(145.21)
12/07/2014,202.58(182.91),174.09(147.16)
05/07/2014,201.42(184.02),174.20(149.14)
28/06/2014,196.17(184.35),177.21(147.47)
21/06/2014,180.30(176.05),176.22(143.30)
14/06/2014,170.82(165.11),171.53(141.76)
07/06/2014,167.12(160.27),163.34(139.25)
31/05/2014,166.37(164.28),163.52(135.71)
24/05/2014,167.64(173.77),160.86(142.09)
17/05/2014,174.58(174.82),158.44(148.92)
10/05/2014,173.37(174.70),164.90(145.85)
03/05/2014,179.27(174.16),166.36(151.87)
26/04/2014,175.80(172.79),159.79(157.15)
19/04/2014,140.88(166.00),141.13(164.65)
12/04/2014,163.20(139.82),164.11(158.23)
05/04/2014,121.38(133.05),132.04(129.75)
29/03/2014,113.34(NS),91.12(NS)
22/03/2014,NS(135.30),NS(127.53)
15/03/2014,NS(NS),NS(NS)
08/03/2014,112.86(137.56),109.50(122.34)
01/03/2014,N.S.(144.81),N.S.(N.S.)
22/02/2014,115.00(133.53),115.07(121.85)
15/02/2014,116.50(129.57),110.56(120.73)
08/02/2014,120.69(131.12),105.03(119.08)
01/02/2014,120.14(132.82),107.46(116.72)
25/01/2014,125.37(141.87),107.90(116.67)
18/01/2014,130.64(140.57),107.92(121.80)
11/01/2014,136.34(145.37),113.41(122.25)
04/01/2014,145.28(147.62),116.98(130.36)
26/12/2015,160.32(155.77),135.32(126.11)
19/12/2015,164.17(163.76),134.52(125.91)
12/12/2015,163.93(164.96),133.65(133.03)
05/12/2015,164.14(169.09),137.19(133.88)
28/11/2015,166.82(167.24),145.05(135.17)
21/11/2015,163.09(170.68),142.01(135.26)
14/11/2015,166.10(166.21),147.77(140.02)
07/11/2015,162.96(160.72),141.44(137.12)
31/10/2015,162.19(157.87),140.67(136.53)
24/10/2015,NS(160.08),NS(136.61)
17/10/2015,166.09(158.94),141.19(136.21)
10/10/2015,170.22(157.68),141.69(135.47)
03/10/2015,161.98(NS),145.55(NS)
26/09/2015,166.49(156.25),146.99(137.65)
19/09/2015,171.09(161.86),144.87(135.79)
12/09/2015,173.65(157.53),144.82(141.95)
05/09/2015,175.42(161.33),150.88(140.90)
29/08/2015,180.25(165.44),153.40(145.57)
22/08/2015,184.63(168.47),152.88(147.00)
15/08/2015,180.80(173.18),152.82(151.07)
08/08/2015,179.62(177.98),152.66(152.87)
01/08/2015,185.04(182.03),153.82(158.66)
25/07/2015,188.24(189.71),158.17(162.38)
18/07/2015,187.30(194.77),151.78(165.70)
11/07/2015,175.88(202.58),155.38(174.09)
04/07/2015,176.00(201.42),154.13(174.21)
27/06/2015,182.95(196.17),153.65(177.25)
20/06/2015,176.61(180.30),154.13(174.21)
13/06/2015,168.20(170.82),151.38(171.56)
06/06/2015,164.97(167.12),149.28(163.40)
30/05/2015,168.90(166.37),144.55(163.52)
23/05/2015,159.95(167.64),145.98(160.86)
16/05/2015,171.11(174.58),143.62(158.44)
09/05/2015,164.59(173.37),149.15(164.90)
02/05/2015,163.28(179.27),148.46(166.36)
25/04/2015,175.14(175.80),121.14(159.79)
18/04/2015,115.72(140.88),157.02(141.13)
11/04/2015,109.22(163.20),138.56(164.11)
04/04/2015,NS(121.38),91.65(132.04)
28/03/2015,85.53(113.34),NS(91.12)
21/03/2015,NS(NS),NS(NS)
14/03/2015,94.69 (NS),104.98 (NS)
07/03/2015,86.73(112.86),109.92(109.50)
28/02/2015,96.04(NS),104.10(NS)
21/02/2015,111.80(115.00),102.70(115.07)
14/02/2015,122.72(116.50),101.12(110.58)
07/02/2015,125.09(120.69),100.35(105.05)
31/01/2015,132.84(120.14),105.45(107.46)
24/01/2015,136.57(125.37),108.62(107.90)
17/01/2015,144.22(130.64),122.68(107.93)
10/01/2015,146.27(136.34),113.60(113.41)
03/01/2015,151.02(145.28),119.22(116.98)
31/12/2016,NS(150.97),128.12(125.97)
24/12/2016,157.37(160.32),131.52(135.32)
17/12/2016,161.22(164.17),130.62(134.52)
17/12/2016,161.22(164.17),130.62(134.52)
10/12/2016,159.70(163.93),134.02(133.65)
03/12/2016,162.27(164.14),133.81(137.19)
26/11/2016,164.35(166.82),138.21(145.05)
19/11/2016,164.10(163.09),137.29(142.01)
12/11/2016,163.55(166.10),139.22(147.77)
05/11/2016,160.73(162.96),137.41(141.44)
29/10/2016,159.27(162.19),138.31(140.67)
22/10/2016,161.15(NS),140.71(NS)
15/10/2016,NS(166.09),NS(141.20)
08/10/2016,155.68(170.22),139.25(141.69)
01/10/2016,162.03(161.98),138.97(145.55)
24/09/2016,160.50(166.49),139.63(146.99)
17/09/2016,162.58(171.09),138.37(144.87)
10/09/2016,163.36(173.65),140.32(144.82)
09/03/2016,165.61(175.42),141.60150.88)
27/08/2016,166.83(180.25),142.38(153.40)
20/08/2016,167.57(184.63),141.50(152.88)
13/08/2016,174.03(180.80),143.72(152.82)
06/08/2016,175.75(179.62),144.60(152.66)
30/07/2016,177.98(185.04),146.36(153.82)
23/07/2016,179.87(188.24),150.21(158.17)
16/07/2016,187.07(187.30),154.34(151.78)
09/07/2016,180.75(175.88),156.04(155.38)
02/07/2016,183.26(176.00),155.28(154.13)
25/06/2016,180.91(182.95),153.32(153.65)
18/06/2016,181.65(176.61),153.29(152.31)
11/06/2016,171.84(168.20),150.41(151.38)
04/06/2016,159.29(164.97),146.72(149.28)
28/05/2016,159.45(168.90),133.93(144.55)
21/05/2016,161.59(159.95),129.56(145.98)
14/05/2016,164.41(171.11),136.34(143.62)
07/05/2016,165.89(164.59),133.57(149.15)
30/04/2016,170.19(163.28),140.08(148.46)
23/04/2016,175.47(175.14),146.74(121.14)
16/04/2016,177.05(115.72),154.51(157.02)
09/04/2016,144.87(109.22),170.60(138.56)
02/04/2016,NS(NS),119.23(91.65)
26/03/2016,NS(85.53),NS(NS)
19/03/2016,118.28(NS),NS(NS)
12/03/2016,NS(94.69),105.38(104.98)
05/03/2016,NS(86.73),NS(100.98)
27/02/2016,109.77(96.04),108.51(104.10)
20/02/2016,119.41(111.80),108.34(102.70)
13/02/2016,123.87(122.72),113.39(101.12)
06/02/2016,123.33(125.09),113.10(100.35)
30/01/2016,123.07(132.84),115.74(105.44)
23/01/2016,134.99(136.57),115.43(108.62)
16/01/2016,142.78(144.22),128.72(122.68)
09/01/2016,149.74(146.27),129.21(113.60)
02/01/2016,150.97(151.02),125.97(119.21)
30/12/2017,154.45(NS),137.07(128.12)
23/12/2017,154.59(157.37),140.05(131.52)
16/12/2017,161.44(161.22),140.74(130.62)
09/12/2017,166.25(159.70),140.20(134.02)
02/12/2017,165.46(162.27),142.71(133.81)
25/11/2017,168.06(164.35),143.87(138.21)
18/11/2017,169.25(164.10),142.35(137.28)
11/11/2017,173.52(163.55),144.60(139.22)
04/11/2017,167.41(160.73),148.13(137.41)
28/10/2017,170.93(159.27),152.32(138.31)
21/10/2017,170.10(161.15),149.13(140.71)
14/10/2017,168.59(NS),153.90(NS)
07/10/2017,176.15(155.68),151.47(139.25)
30/09/2017,NS(162.03),NS(138.97)
23/09/2017,170.80(160.50),154.15(139.63)
16/09/2017,165.43(162.58),149.92(138.37)
09/09/2017,171.23(163.36),148.41(140.32)
02/09/2017,167.65(165.61),150.34(141.60)
12/08/2017,179.36(174.03),156.91(143.72)
05/08/2017,172.64(175.75),157.16(144.60)
29/07/2017,177.56(177.98),154.10(146.36)
22/07/2017,181.57(179.87),151.93(150.21)
22/07/2017,177.56(187.07),151.95(154.34)
15/07/2017,189.36(180.75),153.21(156.04)
08/07/2017,184.15(183.26),151.22(155.28)
01/07/2017,179.98(180.91),157.82(153.32)
24/06/2017,176.75(181.65),157.68(153.29)
10/06/2017,171.31(171.84),150.64(150.41)
03/06/2017,159.56(159.29),140.27(146.72)
27/05/2017,160.02(159.45),131.51(133.93)
20/05/2017,171.53(161.59),132.07(129.56)
13/05/2017,172.36(164.41),139.69(136.34)
06/05/2017,175.16(165.89),142.32(133.57)
29/04/2017,163.15(170.19),149.23(140.08)
22/04/2017,159.46(175.47),158.91(146.74)
15/04/2017,125.10(177.05),161.71(154.51)
08/04/2017,115.00(144.87),130.71(170.60)
01/04/2017,NS(NS),106.47(119.23)
25/03/2017,118.10(NS),NS(NS)
18/03/2017,107.55(118.28),109.65(NS)
11/03/2017,108.97(NS),104.71(105.38)
04/03/2017,110.57(NS),106.29(NS)
25/02/2017,112.03(109.77),110.53(108.51)
18/02/2017,120.49(119.41),106.56(108.34)
11/02/2017,127.53(123.87),105.66(113.39)
04/02/2017,136.06(123.33),106.32(113.10)
28/01/2017,138.89(123.07),111.24(115.74)
21/01/2017,144.37(134.99),118.39(115.43)
14/01/2017,145.34(142.78),119.83(128.72)
07/01/2017,153.46(149.74),124.00(129.21)
29/12/2018,162.56(154.45),133.79(137.07)
22/12/2018,167.97(154.59),137.09(140.05)
15/12/2018,171.66(161.44),140.90(140.74)
08/12/2018,173.83(166.25),143.75(140.21)
01/12/2018,170.50(165.46),147.73(142.71)
24/11/2018,166.78(168.06),147.42(143.87)
17/11/2018,169.67(169.25),147.66(142.35)
10/11/2018,177.65(173.52),152.11(144.61)
27/10/2018,169.82(170.93),149.99(152.32)
13/10/2018,171.15(168.59),148.69(153.90)
20/10/2018,NS(170.10),NS(149.11)
06/10/2018,170.67(176.15),148.30(151.47)
29/09/2018,169.82(NS),147.24(NS)
22/09/2018,168.57(170.80),148.95(154.15)
15/09/2018,170.87(165.43),151.04(149.92)
08/09/2018,168.96(171.23),154.24(148.41)
01/09/2018,170.78(167.65),156.89(150.40)
25/08/2018,173.53(176.74),156.75(153.87)
18/08/2018,181.20(179.36),158.15(153.62)
11/08/2018,181.60(179.36),160.76(156.91)
04/04/2018,184.80(172.64),162.80(157.15)
28/07/2018,186.91(178.67),164.58(154.10)
21/07/2018,185.11(181.57),164.19(151.93)
14/07/2018,189.75(177.56),163.99(151.95)
07/07/2018,197.96(189.36),161.81(153.24)
30/06/2018,196.80(184.15),165.32(151.22)
23/06/2018,188.19(179.98),168.70(157.82)
16/06/2018,182.49(176.75),161.37(157.68)
09/06/2018,174.75(171.31),153.80(150.64)
02/06/2018,169.82(159.56),151.75(140.27)
26/05/2018,171.01(160.02),143.04(131.51)
19/05/2018,180.60(171.53),146.64(132.07)
12/05/2018,187.78(172.36),146.66(139.69)
05/05/2018,186.67(175.16),155.39(142.32)
28/04/2018,167.10(163.15),161.55(149.23)
21/04/2018,164.51(159.46),154.58(158.91)
14/04/2018,123.79(125.10),155.00(161.71)
07/04/2018,143.14(115.00),143.14(115.00)
31/03/2018,NS(NS),98.31(106.47)
24/03/2018,111.02(118.10),NS(NS)
17/03/2018,NS(107.55),NS(109.65)
10/03/2018,NS(108.97),99.46(104.71)
03/03/2018,116.89(110.57),99.35(106.29)
24/02/2018,116.79(112.03),99.89(110.53)
17/02/2018,120.71(120.49),103.30(106.56)
10/02/2018,123.87(127.53),104.79(105.66)
03/02/2018,131.21(136.06),108.48(106.32)
27/01/2018,130.46(138.89),112.10(111.24)
20/01/2018,135.68(144.37),120.65(118.39)
14/01/2018,141.71(145.34),126.54(119.83)
07/01/2018,149.26(153.46),132.73(124.00)
28/12/2019,159.24(162.56),134.74(133.79)
21/12/2019,163.07(167.97),139.32(137.09)
14/12/2019,162.89(171.66),NS(140.90)
07/12/2019,165.35(173.83),141.11(143.75)
30/11/2019,166.80(170.50),138.78(147.73)
23/11/2019,169.58(166.78),142.91(147.42)
16/11/2019,163.94(169.67),145.15(147.66)
09/11/2019,166.87(177.65),147.83(152.11)
02/11/2019,175.49(168.59),144.75(148.08)
26/10/2019,175.30(169.82),150.27(149.99)
19/10/2019,170.26(NS),150.78(NS)
12/10/2019,NS(171.15),NS(148.69)
05/10/2019,179.31(170.67),153.97(148.30)
28/09/2019,174.34(169.82),150.62(147.24)
21/09/2019,179.93(169.57),150.14(148.95)
14/09/2019,180.39(170.87),150.11(151.04)
07/09/2019,186.91(168.96),156.33(154.24)
31/08/2019,181.49(170.78),155.92(156.89)
24/08/2019,189.25(173.53),157.20(156.75)
17/08/2019,193.24(181.20),157.18(158.15)
10/08/2019,199.96(181.60),161.93(160.76)
03/08/2019,200.75(184.80),161.43(162.80)
27/07/2019,200.66(186.91),164.66(164.58)
20/07/2019,200.78(188.95),162.09(164.19)
13/07/2019,193.91(189.75),158.33(163.99)
06/07/2019,203.14(197.96),158.98(161.81)
29/06/2019,204.32(196.80),156.96(165.32)
22/06/2019,204.49(188.19),163.02(168.70)
15/06/2019,187.49(182.49),155.00(161.37)
08/06/2019,180.12(174.75),147.98(153.80)
01/06/2019,178.76(169.82),139.17(151.75)
25/05/2019,179.27(171.01),135.23(143.04)
18/05/2019,180.26(180.60),135.12(146.64)
11/05/2019,194.09(187.78),135.48(146.66)
04/05/2019,202.32(186.67),143.43(155.39)
27/04/2019,188.95(167.10),152.29(161.55)
20/04/2019,175.25(164.51),167.26(154.44)
13/04/2019,160.80(123.79),171.04(155.00)
06/04/2019,126.10(143.14),176.47(125.12)
30/03/2019,NS(NS),147.57(98.31)
23/03/2019,116.78(111.02),113.16(NS)
16/03/2019,107.51(NS),NS(NS)
09/03/2019,115.79(NS),NS(99.46)
02/03/2019,113.26(116.89),121.65(99.35)
23/02/2019,114.70(116.79),NS(99.89)
16/02/2019,119.85(120.71),124.68(103.30)
09/02/2019,126.21(123.87),120.57(104.76)
02/02/2019,129.62(131.21),122.45(108.43)
26/01/2019,142.83(130.46),124.12(112.10)
19/01/2019,148.72(135.68),123.48(120.65)
12/01/2019,153.46(141.71),127.74(126.54)
05/01/2019,154.72(149.26),130.96(132.73)
26/12/2020,192.39(159.24),161.05(134.74)
19/12/2020,188.48(163.07),157.83(139.32)
12/12/2020,189.03(162.89),166.13(NS)
05/12/2020,194.39(165.35),164.13(141.11)
28/11/2020,199.99(166.80),169.10(138.78)
21/11/2020,205.67(169.58),176.59(142.91)
14/11/2020,222.00(163.94),186.64(145.15)
07/11/2020,228.66(166.87),191.78(147.83)
31/10/2020,NS(175.49),205.16(144.75)
24/10/2020,242.12(175.30 ),214.55(150.27)
17/10/2020,251.78(170.26),227.08(150.78)
10/10/2020,265.33(NS),239.35(NS)
03/10/2020,271.71(179.31),257.21(153.97)
26/09/2020,277.78(174.34),264.36(150.62)
19/09/2020,281.87(179.93),274.38(150.14)
12/09/2020,NS(180.39),280.73(150.11)
05/09/2020,291.04(186.91),288.54(156.33)
29/08/2020,300.10(181.49),297.03(155.92)
22/08/2020,307.42(189.25),295.12(157.20)
15/08/2020,308.75(193.24),296.85(157.18)
08/08/2020,307.12(199.96),287.86(161.93)
01/08/2020,295.89(200.75),278.31(161.43)
25/07/2020,297.63(200.66),NS(164.66)
18/07/2020,301.04(200.78),283.53(162.09)
11/07/2020,298.71(193.91),NS(158.33)
04/07/2020,298.54(203.14),273.53(158.98)
27/06/2020,272.59(204.32),265.12(156.96)
20/06/2020,275.63(204.49),253.01(163.02)
13/06/2020,250.54(187.49),231.18(155.00)
06/06/2020,235.11(180.12),216.35(147.98)
30/05/2020,NS(178.76),198.29(139.17)
23/05/2020,NS(179.26),199.08(135.23)
16/05/2020,135.40(180.26),222.01(135.12)
09/05/2020,NS(194.09),150.50(135.48)
02/05/2020,NS(202.32),217.56(143.43)
25/04/2020,NS(188.95),111.34(152.29)
18/04/2020,NS(175.25),NS(167.26)
11/04/2020,NS(161.15),NS(171.04)
04/04/2020,NS(126.10),NS(176.47)
21/03/2020,104.29(116.78),82.62(113.16)
14/03/2020,90.82(107.51),NS(NS)
07/03/2020,101.49(115.79),86.14(NS)
29/02/2020,103.45(113.26),89.03(121.65)
22/02/2020,109.64(114.70),86.02(NS)
15/02/2020,111.38(119.85),92.23(124.68)
08/02/2020,118.72(126.21),99.91(120.57)
01/02/2020,128.94(129.62),106.67(122.45)
25/01/2020,130.25(142.83),112.20(124.12)
18/01/2020,134.41(148.72),118.91(123.48)
11/01/2020,143.46(153.46),128.25(127.74)
04/01/2020,152.40(154.72),132.38(130.96)
25/12/2021,195.83(192.39),167.79(161.05)
18/12/2021,194.32(188.48),173.40(157.83)
11/12/2021,205.41(189.03),178.38(166.13)
04/12/2021,209.99(194.39),180.89(164.13)
27/11/2021,223.21(199.99),182.19(169.10)
20/11/2021,221.53(205.67),183.41(176.59)
13/11/2021,209.18(222.00),184.73(186.64)
06/11/2021,212.39(228.66),185.91(191.78)
30/10/2021,207.96(NS),177.68(205.16)
23/10/2021,217.22(242.12),175.53(214.55)
16/10/2021,NS(251.78),NS(227.08)
09/10/2021,217.03(265.33),173.90(239.35)
02/10/2021,220.10(271.71),178.72(257.21)
25/09/2021,223.11(277.78),177.37(264.36)
18/09/2021,216.13(281.87),179.12(274.38)
11/09/2021,218.92(NS),176.46(280.73)
04/09/2021,220.59(291.04),173.38(288.54)
28/08/2021,219.09(300.10),171.89(297.03)
21/08/2021,227.99(307.42),174.17(295.12)
14/08/2021,220.66(308.75),174.60(296.88)
07/08/2021,221.64(307.12),176.55(287.86)
31/07/2021,224.17(295.89),181.72(278.31)
24/07/2021,228.85(297.63),184.85(NS)
17/07/2021,237.55(301.04),196.28(283.53)
10/07/2021,242.19(298.71),207.64(NS)
03/07/2021,261.60(298.54),227.35(273.53)
26/06/2021,255.38(272.59),232.34(265.12)
19/06/2021,251.80(275.63),235.06(253.01)
12/06/2021,235.30(250.54),234.03(231.18)
05/06/2021,240.96(235.11),226.91(216.35)
29/05/2021,NS(NS),223.36(198.29)
22/05/2021,235.47(NS),218.16(199.08)
15/05/2021,228.46(135.40),211.75(222.01)
05/05/2021,231.55(NS),204.45(150.50)
01/05/2021,223.69(NS),198.18(217.56)
24/04/2021,226.63(NS),199.46(111.34)
17/04/2021,224.79(NS),NS(NS)
10/04/2021,203.98(NS),231.33(NS)
03/04/2021,NS(NS),157.33(NS)
27/03/2021,148.74(NS),NS(NS)
20/03/2021,NS(104.29),NS(82.62)
13/03/2021,145.50(90.82),149.69(NS)
06/03/2021,147.73(101.49),NS(86.14)
27/02/2021,157.71(103.45),158.58(89.03)
20/02/2021,170.57(109.64),146.18(86.02)
13/02/2021,174.16(111.38),148.15(92.23)
06/02/2021,174.91(118.72),157.00(99.91)
30/01/2021,190.21(128.94),160.65(106.67)
23/01/2021,190.96(130.25),165.06(112.20)
16/01/2021,190.95(134.41),168.51(118.91)
09/01/2021,190.74(143.46),168.22(128.25)
02/01/2021,195.23(152.40),164.42(132.38)
31/12/2022,187.14(190.91),156.78(162.54)
24/12/2022,193.25(195.83),161.45(167.79)
17/12/2022,196.84(194.32),163.65(173.40)
10/12/2022,206.80(205.41),173.77(178.38)
03/12/2022,214.85(209.99),177.42(180.89)
26/11/2022,226.37(223.21),182.58(182.19)
19/11/2022,233.17(221.53),185.53(183.41)
12/11/2022,239.65(209.18),190.10(184.73)
05/11/2022,232.59(212.39),196.10(185.91)
29/10/2022,250.78(207.96),196.93(177.68)
22/10/2022,233.65(217.22),204.87(175.53)
15/10/2022,234.32(NS),203.09(NS)
08/10/2022,NS(217.03),NS(173.90)
01/10/2022,232.10(220.10),192.11(178.72)
24/09/2022,235.30(223.11),196.80(177.37)
17/09/2022,246.81(216.13),203.84(179.12)
10/09/2022,259.99(218.92),214.21(176.46)
03/09/2022,270.04(220.59),218.88(173.38)
27/08/2022,275.09(219.09),214.77(171.89)
20/08/2022,280.24(227.99),213.44(174.17)
13/08/2022,283.84(220.66),214.56(174.60)
06/08/2022,286.87(221.64),212.30(176.55)
30/07/2022,285.93(224.17),217.27(181.74)
23/07/2022,278.57(228.85),208.80(184.85)
16/07/2022,276.29(237.55),207.34(196.28)
09/07/2022,284.00(242.19),210.28(207.64)
02/07/2022,291.61(261.60),214.97(227.35)
25/06/2022,288.10(255.38),215.25(232.34)
18/06/2022,280.56(251.80),216.46(235.06)
11/06/2022,237.97(235.30),201.06(234.03)
04/06/2022,215.66(240.96),184.72(226.91)
28/05/2022,209.88(NS),176.69(223.36)
21/05/2022,219.48(235.47),179.25(218.16)
14/05/2022,218.60(228.46),184.92(211.75)
07/05/2022,238.97(231.55),196.65(204.45)
30/04/2022,258.20(223.69),216.99(198.18)
23/04/2022,261.00(226.63),252.34(199.46)
16/04/2022,235.68(224.79),277.12(NS)
09/04/2022,213.17(203.98),250.50(231.33)
02/04/2022,NS(NS),127.74(157.33)
26/03/2022,149.09(148.74),NS(NS)
19/03/2022,NS(NS),NS(NS)
12/03/2022,NS(145.50),NS(149.69)
05/03/2022,NS(147.73),130.19(NS)
26/02/2022,145.09(157.71),NS(158.58)
19/02/2022,NS(170.57),134.22(146.18)
12/02/2022,148.76(174.16),140.54(148.15)
05/02/2022,161.68(174.91),146.54(157.00)
29/01/2022,NS(190.21),146.93(160.65)
22/01/2022,166.25(190.96),148.30(165.06)
15/01/2022,175.91(190.95),151.52(168.51)
08/01/2022,181.21(190.74),154.38(168.22)
01/01/2022,190.91(195.23),162.54(164.42)
01/07/2023,237.77(291.61),214.07(214.97)
24/06/2023,235.24(288.1),213.43(215.25)
17/06/2023,236.57(280.56),217.3(216.46)
10/06/2023,227(237.97),215.7(201.06)
03/06/2023,210.22(215.66),206.43(184.72)
27/05/2023,200.46(209.88),193.03(176.69)
20/05/2023,196.92(219.48),183.68(179.25)
13/05/2023,207.04(218.6),191.25(184.92)
06/05/2023,209.78(238.97),193.83(196.65)
29/04/2023,220.28(258.2),201.53(216.99)
22/04/2023,223.66(261.00),214.50(252.32)
15/04/2023,209.95(235.68),223.66(277.12)
08/04/2023,212.25(213.17),216.60(250.50)
01/04/2023,NS(NS),173.02(127.74)
25/03/2023,156.81(149.09),140.46(NS)
18/03/2023,NS(NS),NS(NS)
11/03/2023,145.76(NS),136.56(NS)
04/03/2023,153.2(NS),143.94(130.19)
25/02/2023,NS(145.09),NS(NS)
18/02/2023,156.81(NS),139.44(134.22)
11/02/2023,150.25(148.76),140.81(140.54)
04/02/2023,153.5(161.68),141.91(146.54)
28/01/2023,160.42(NS),140.79(146.93)
21/01/2023,160.43(166.25),139.98(148.30)
14/01/2023,169.60(175.91),145.18(151.53)
07/01/2023,173.61(181.21),148.45(154.38)
